"V1","V2","V3","V4","V5","V6","V7","V8","V9","V10"
"Iso_1_1",176,212,164,142,180,687,681,737,446,527
"Iso_1_2",789,915,919,942,892,3334,3211,2641,3371,3382
"Iso_1_3",1300,1377,1408,1376,1395,383,440,367,378,369
"Iso_1_4",474,487,483,473,499,1587,1671,1437,1598,1668
"Iso_1_5",1061,949,816,1040,897,211,266,289,231,275
"Iso_1_6",346,348,426,392,488,1452,1751,1487,1310,1370
"Iso_1_7",2604,3284,2643,2705,2651,794,823,827,789,808
"Iso_1_8",859,981,894,793,913,235,223,244,312,263
"Iso_1_9",2598,1990,2720,2700,2354,10108,11481,5625,8481,7759
"Iso_1_10",322,448,451,328,314,683,794,1429,1302,1137
"Iso_1_11",514,668,654,423,611,155,107,143,247,141
"Iso_1_12",18,20,17,21,20,52,80,47,52,48
"Iso_1_13",12119,12260,11659,14918,12126,2785,3393,4700,3876,3461
"Iso_1_14",577,615,726,623,637,1921,2102,2348,2411,2265
"Iso_1_15",2802,3111,3574,3438,3635,860,789,1030,981,1042
"Iso_1_16",22,25,18,15,21,49,83,66,94,76
"Iso_1_17",187,182,221,198,244,662,778,872,648,913
"Iso_1_18",355,324,324,350,316,1324,1234,1033,1350,990
"Iso_1_19",2621,2775,2693,2465,2925,878,743,938,622,645
"Iso_1_20",219,321,278,252,222,62,63,62,72,64
"Iso_1_121",31,32,23,32,37,31,22,43,20,20
"Iso_1_122",269,347,276,267,351,316,258,253,387,261
"Iso_1_123",2247,1854,2403,1953,2485,1935,2493,2282,2803,2678
"Iso_1_124",1188,1214,1036,1109,1061,1042,1075,1155,1020,1179
"Iso_1_125",546,632,599,584,563,434,637,615,512,607
"Iso_1_126",11442,10595,13355,10383,10635,10725,10925,10892,10903,9344
"Iso_1_127",26,26,31,38,35,26,38,21,30,25
"Iso_1_128",317,277,332,353,335,351,380,400,386,423
"Iso_1_129",58,46,33,42,42,57,47,48,57,42
"Iso_1_130",172,250,202,212,182,162,204,204,163,227
"Iso_1_131",314,369,359,279,293,369,277,347,303,313
"Iso_1_132",814,823,918,883,1018,871,839,811,852,923
"Iso_1_133",45,37,71,61,65,39,80,29,78,49
"Iso_1_134",756,865,844,761,651,697,815,743,820,873
"Iso_1_135",2055,1631,2048,1748,1976,1745,1580,2148,2036,1782
"Iso_1_136",1590,1198,1454,1444,1312,1182,1467,1451,1250,1374
"Iso_1_137",2446,2882,2776,1549,3104,2401,2774,2632,2077,2179
"Iso_1_138",29,17,26,26,21,27,28,24,28,36
"Iso_1_139",177,173,135,122,178,157,159,164,131,211
"Iso_1_140",394,362,333,391,399,385,351,287,363,476
"Iso_1_141",142,147,148,153,147,160,126,115,177,138
"Iso_1_142",714,693,730,678,772,757,759,815,705,723
"Iso_1_143",85,99,67,71,97,152,96,78,125,111
"Iso_1_144",1263,1949,1584,1388,948,1635,1274,2098,1733,1049
"Iso_1_145",1338,1306,1490,1230,1224,1226,980,1202,1214,1051
"Iso_1_146",354,353,315,363,369,506,463,377,443,371
"Iso_1_147",1009,947,859,873,849,869,1020,975,907,867
"Iso_1_148",183,173,193,203,213,243,209,181,204,200
"Iso_1_149",358,358,293,295,354,407,309,289,339,329
"Iso_1_150",448,606,598,674,624,526,558,597,527,464
"Iso_1_151",402,399,382,359,344,363,411,345,431,374
"Iso_1_152",12,10,27,16,8,18,37,11,20,17
"Iso_1_153",881,856,825,688,821,848,865,812,845,769
"Iso_1_154",434,324,305,313,322,350,481,431,361,314
"Iso_1_155",3,4,2,1,1,0,1,1,2,1
"Iso_1_156",249,290,245,315,324,266,216,253,283,265
"Iso_1_157",312,299,371,342,471,428,272,345,378,358
"Iso_1_158",124,129,119,118,136,94,116,114,143,129
"Iso_1_159",680,636,690,779,678,636,640,643,691,688
"Iso_1_160",1624,1974,1883,1652,1621,2083,1743,1707,1732,1765
"Iso_1_161",2137,1962,2484,2012,2326,2948,2592,2222,2435,2456
"Iso_1_162",42,48,48,36,31,40,35,36,39,36
"Iso_1_163",271,294,231,285,263,282,316,280,363,265
"Iso_1_164",648,625,741,746,595,769,671,668,739,654
"Iso_1_165",53,57,49,45,39,67,65,55,72,80
"Iso_1_166",2319,2312,2105,2256,2347,2272,2208,2104,2232,1976
"Iso_1_167",121,135,154,127,113,112,128,114,106,112
"Iso_1_168",582,663,594,591,626,532,654,626,713,637
"Iso_1_169",784,782,921,846,746,612,895,705,767,852
"Iso_1_170",429,402,339,479,357,321,453,398,442,439
"Iso_1_171",303,286,252,229,296,302,214,286,305,253
"Iso_1_172",433,479,480,486,330,555,498,382,437,406
"Iso_1_173",96,95,101,87,78,122,100,89,90,92
"Iso_1_174",778,681,713,862,822,937,695,615,820,747
"Iso_1_175",72,71,73,58,72,93,60,71,80,88
"Iso_1_176",361,305,360,257,292,342,315,351,358,271
"Iso_1_177",119,143,136,139,172,123,127,132,186,147
"Iso_1_178",946,906,1161,990,1194,1064,1009,1113,1028,826
"Iso_1_179",947,853,933,883,773,820,944,854,933,946
"Iso_1_180",811,755,706,896,676,775,607,691,719,819
"Iso_1_181",621,735,537,714,786,492,623,474,722,727
"Iso_1_182",403,398,330,362,398,413,323,398,427,421
"Iso_1_183",372,435,347,323,494,316,509,423,306,337
"Iso_1_184",1445,1397,1904,1747,1349,1902,1281,1238,1702,1444
"Iso_1_185",163,189,219,179,171,199,180,186,160,188
"Iso_1_186",855,868,876,859,898,834,932,941,881,847
"Iso_1_187",570,501,462,488,489,536,505,433,473,522
"Iso_1_188",346,315,340,341,316,303,328,316,262,305
"Iso_1_189",71,59,79,75,84,98,61,111,80,79
"Iso_1_190",143,137,94,90,171,166,38,97,141,78
"Iso_1_191",2526,2404,2716,2649,2796,2760,2472,2646,2593,2895
"Iso_1_192",36,20,34,38,26,37,31,28,27,27
"Iso_1_193",107,107,81,104,123,86,84,118,109,101
"Iso_1_194",2088,2075,1931,2196,1737,1834,2066,2143,2335,1718
"Iso_1_195",126,167,133,122,156,105,140,113,142,152
"Iso_1_196",3681,3025,3266,3029,3389,3271,3326,2954,3117,2880
"Iso_1_197",386,460,381,432,433,432,390,393,350,382
"Iso_1_198",688,552,736,644,630,646,608,622,625,660
"Iso_1_199",402,377,318,390,419,373,355,376,341,354
"Iso_1_200",733,1388,1049,878,926,1003,836,704,873,837
"Iso_1_201",1529,1109,1418,1228,1505,1350,1222,1654,1471,1190
"Iso_1_202",425,562,526,498,593,587,532,427,545,562
"Iso_1_203",7,11,3,4,1,6,2,6,9,5
"Iso_1_204",205,219,200,195,230,183,232,238,209,166
"Iso_1_205",899,820,817,802,851,949,873,810,815,959
"Iso_1_206",372,348,415,308,338,379,366,336,368,340
"Iso_1_207",381,424,375,315,395,502,362,503,406,460
"Iso_1_208",251,251,219,280,227,252,189,286,220,233
"Iso_1_209",819,808,801,844,763,748,696,866,756,820
"Iso_1_210",1279,1270,1488,1369,1183,1477,1267,1184,1387,1317
"Iso_1_211",26,23,36,26,37,30,29,30,28,55
"Iso_1_212",49,44,47,31,52,58,49,55,43,51
"Iso_1_213",45,92,53,68,45,41,68,55,42,24
"Iso_1_214",304,285,293,354,202,272,266,364,307,325
"Iso_1_215",1107,1062,1165,1269,1258,1521,1286,1156,1086,1265
"Iso_1_216",485,333,416,331,426,479,361,515,407,435
"Iso_1_217",104,105,124,106,95,142,134,117,103,123
"Iso_1_218",820,963,1166,1109,676,900,1060,949,832,772
"Iso_1_219",726,764,961,718,475,648,675,795,606,636
"Iso_1_220",54,65,68,44,35,59,57,59,41,53
"Iso_1_221",732,720,600,419,622,476,536,559,489,444
"Iso_1_222",193,238,234,221,211,266,213,268,235,207
"Iso_1_223",418,346,488,444,374,444,320,344,264,407
"Iso_1_224",679,606,653,515,609,573,583,646,533,609
"Iso_1_225",2034,2115,2091,1859,1856,1925,2309,2035,1984,1854
"Iso_1_226",310,402,550,334,337,375,350,521,364,459
"Iso_1_227",275,305,341,284,356,231,349,337,248,330
"Iso_1_228",719,850,791,770,806,810,831,830,779,768
"Iso_1_229",523,478,556,404,484,512,427,401,408,373
"Iso_1_230",177,198,168,275,141,230,135,286,203,156
"Iso_1_231",71,127,86,64,106,98,92,94,110,65
"Iso_1_232",714,899,808,799,808,837,798,742,853,785
"Iso_1_233",921,856,890,1003,847,984,907,825,724,891
"Iso_1_234",112,128,102,102,92,127,109,99,109,89
"Iso_1_235",169,145,173,141,159,175,162,166,201,192
"Iso_1_236",377,342,294,402,338,363,369,320,348,321
"Iso_1_237",102,88,95,66,85,75,88,100,80,73
"Iso_1_238",106,102,111,136,118,130,101,109,118,118
"Iso_1_239",71,90,80,66,80,78,82,79,63,74
"Iso_1_240",1787,1776,1652,1560,1753,1554,1676,1725,1839,1828
"Iso_1_241",535,540,445,459,485,556,496,432,547,470
"Iso_1_242",199,197,190,241,179,196,172,193,186,205
"Iso_1_243",642,725,723,631,659,644,731,702,686,735
"Iso_1_244",19,20,22,16,25,15,20,14,13,20
"Iso_1_245",9,7,9,0,15,8,11,7,10,12
"Iso_1_246",158,127,77,114,128,181,107,89,113,114
"Iso_1_247",681,715,792,751,640,666,770,665,620,789
"Iso_1_248",349,325,339,418,366,448,455,417,311,361
"Iso_1_249",127,127,129,122,96,126,115,102,64,98
"Iso_1_250",44,41,51,46,51,38,52,46,49,30
"Iso_1_251",689,793,605,730,737,668,731,784,846,711
"Iso_1_252",48,36,35,44,47,39,49,40,47,52
"Iso_1_253",1107,1114,1374,1275,1090,1330,1082,1182,1138,1389
"Iso_1_254",1520,1339,1437,1525,1416,1343,1474,1416,1597,1525
"Iso_1_255",139,166,169,166,129,190,182,151,189,200
"Iso_1_256",45,49,44,29,36,35,42,14,43,50
"Iso_1_257",255,254,199,263,215,237,234,274,169,284
"Iso_1_258",275,415,301,238,156,296,412,231,385,387
"Iso_1_259",308,420,346,329,349,378,410,357,391,351
"Iso_1_260",1099,1286,1200,1369,1257,1403,1225,1152,1406,1031
"Iso_1_261",1004,918,773,599,985,1091,839,963,818,902
"Iso_1_262",5,2,0,3,5,2,2,0,3,1
"Iso_1_263",509,581,412,419,419,491,602,585,407,531
"Iso_1_264",145,89,123,118,89,103,86,91,111,120
"Iso_1_265",331,335,372,277,362,404,371,384,424,461
"Iso_1_266",669,753,758,702,725,715,771,778,746,640
"Iso_1_267",1584,1730,1914,1694,1871,1602,1534,1958,1843,1581
"Iso_1_268",84,62,76,60,52,52,51,53,45,69
"Iso_1_269",2029,2040,1942,2029,1875,1732,1843,1909,1903,1908
"Iso_1_270",386,435,444,398,467,474,472,481,481,510
"Iso_1_271",335,246,247,286,231,259,333,284,260,258
"Iso_1_272",62,66,73,55,58,48,53,44,53,62
"Iso_1_273",623,550,473,584,680,617,423,734,629,686
"Iso_1_274",231,259,243,225,250,214,208,203,289,248
"Iso_1_275",1014,1051,1082,1133,1067,1015,1067,1079,1017,1085
"Iso_1_276",1831,1874,1825,1840,1740,2015,1913,1886,2062,1924
"Iso_1_277",391,323,392,391,362,369,421,335,310,331
"Iso_1_278",523,639,555,534,491,577,634,591,473,643
"Iso_1_279",13,22,30,18,19,14,24,19,15,14
"Iso_1_280",353,339,325,369,428,353,376,414,365,372
"Iso_1_281",144,173,155,161,170,167,153,172,140,172
"Iso_1_282",1852,2394,2073,1591,2215,2351,2445,1838,1731,1760
"Iso_1_283",86,94,88,65,90,73,99,64,63,65
"Iso_1_284",275,248,282,251,280,297,255,282,266,258
"Iso_1_285",405,429,447,382,415,424,418,440,427,399
"Iso_1_286",291,341,334,341,315,308,322,339,316,275
"Iso_1_287",258,181,324,232,246,286,291,311,171,189
"Iso_1_288",423,497,380,394,498,423,290,367,463,497
"Iso_1_289",182,223,205,234,247,247,183,225,234,228
"Iso_1_290",473,342,359,425,412,329,475,456,392,542
"Iso_1_291",418,362,429,464,394,429,382,397,386,392
"Iso_1_292",2656,2588,3020,3031,2766,3117,3069,2885,2433,2868
"Iso_1_293",118,95,109,91,103,106,144,92,90,116
"Iso_1_294",477,474,569,531,517,482,499,587,531,552
"Iso_1_295",62,104,83,97,87,75,84,73,71,82
"Iso_1_296",176,172,166,179,170,196,169,167,172,168
"Iso_1_297",1315,1217,1239,1427,1452,1277,1951,1306,1743,1280
"Iso_1_298",922,869,999,726,713,793,793,900,778,813
"Iso_1_299",747,897,826,662,798,683,699,980,616,740
"Iso_1_300",456,473,453,453,479,482,423,411,555,505
"Iso_2_1",669,383,650,544,538,2367,1803,1478,1760,1292
"Iso_2_2",11,20,11,20,11,27,32,9,28,25
"Iso_2_3",494,297,491,385,341,90,121,118,91,171
"Iso_2_4",11,44,29,29,37,35,98,32,69,107
"Iso_2_5",251,112,115,154,206,620,658,713,594,717
"Iso_2_6",264,277,442,288,390,1069,1406,1263,1087,965
"Iso_2_7",84,78,69,65,79,19,21,17,19,16
"Iso_2_8",86,84,65,90,37,35,12,13,16,13
"Iso_2_9",196,202,189,154,207,556,601,668,709,440
"Iso_2_10",11988,9931,9624,9777,10975,1650,3297,3170,2635,2442
"Iso_2_11",257,284,233,225,233,57,60,53,57,56
"Iso_2_12",27,57,29,36,22,81,117,145,59,87
"Iso_2_13",2489,2302,2292,2378,2296,882,1155,881,456,593
"Iso_2_14",2266,2406,2238,2544,2425,594,614,913,584,812
"Iso_2_15",178,162,181,174,155,1106,786,1064,506,875
"Iso_2_16",2035,1521,1854,2075,1756,532,482,596,520,502
"Iso_2_17",406,412,366,487,434,147,145,51,87,50
"Iso_2_18",216,213,183,206,129,69,58,50,89,49
"Iso_2_19",100,98,69,143,63,14,20,23,37,17
"Iso_2_20",29,44,53,42,65,150,230,126,167,290
"Iso_2_21",324,477,386,488,281,1068,886,1500,1079,1775
"Iso_2_22",152,171,187,171,220,36,76,40,52,39
"Iso_2_23",150,329,112,52,155,583,1091,352,937,208
"Iso_2_24",11,18,13,4,7,22,31,50,48,33
"Iso_2_25",630,656,796,657,537,183,139,134,175,146
"Iso_2_26",909,1060,1019,855,872,171,332,244,267,244
"Iso_2_27",40,56,59,66,65,142,197,187,173,204
"Iso_2_28",448,712,611,839,633,2566,3122,2520,1953,2633
"Iso_2_29",11200,11731,11075,13193,12783,2957,3410,3224,3695,3380
"Iso_2_30",320,322,183,347,451,1130,1369,1207,764,316
"Iso_2_31",596,471,567,473,470,1771,1907,2360,1720,1255
"Iso_2_32",7191,8376,7331,8342,7489,2148,2278,2669,1779,2248
"Iso_2_33",1724,861,913,986,1460,10075,8398,3691,6135,4169
"Iso_2_34",2,7,2,11,11,19,17,53,20,71
"Iso_2_35",118,171,188,62,98,582,456,278,467,589
"Iso_2_36",1124,1322,1459,1144,1241,4739,5382,4078,4498,4647
"Iso_2_37",260,37,125,46,112,177,516,867,144,664
"Iso_2_38",84,38,20,19,59,177,91,261,317,339
"Iso_2_39",773,908,766,941,892,243,236,290,178,203
"Iso_2_40",52,16,52,56,42,183,355,36,61,89
"Iso_2_1041",294,286,241,292,294,315,290,252,206,421
"Iso_2_1042",1193,1260,1308,1410,1105,1187,1343,1489,1311,1557
"Iso_2_1043",421,373,592,780,591,783,586,856,369,616
"Iso_2_1044",52,103,81,109,137,85,52,76,33,39
"Iso_2_1045",5,13,16,12,7,7,20,9,14,15
"Iso_2_1046",84,70,39,70,90,101,111,109,139,138
"Iso_2_1047",44,24,48,54,23,40,56,36,36,35
"Iso_2_1048",104,132,35,14,80,2,92,149,47,62
"Iso_2_1049",25,27,13,28,29,16,20,3,38,5
"Iso_2_1050",429,497,537,171,346,278,743,330,383,507
"Iso_2_1051",3770,5384,4913,3723,4661,4106,5745,5797,4730,7386
"Iso_2_1052",1542,1089,1762,1272,1623,1695,1570,1093,1572,1317
"Iso_2_1053",17,3,11,6,7,7,7,2,14,33
"Iso_2_1054",4,3,2,4,1,4,9,1,8,2
"Iso_2_1055",8,7,8,12,7,12,21,22,3,46
"Iso_2_1056",190,204,171,161,201,123,210,170,161,152
"Iso_2_1057",266,366,241,233,219,176,301,179,185,150
"Iso_2_1058",1,4,3,1,2,1,3,2,1,1
"Iso_2_1059",409,482,988,597,426,946,550,856,395,604
"Iso_2_1060",29,36,51,40,45,71,37,38,42,33
"Iso_2_1061",34,25,23,16,21,16,24,19,22,24
"Iso_2_1062",2561,2089,3029,3153,2270,2762,2416,3023,2539,3096
"Iso_2_1063",107,84,145,130,144,68,161,131,95,119
"Iso_2_1064",25,47,40,27,37,25,42,34,28,30
"Iso_2_1065",234,419,282,323,178,416,259,464,504,664
"Iso_2_1066",59,14,12,24,39,23,41,19,29,36
"Iso_2_1067",7,15,15,20,32,15,20,12,15,14
"Iso_2_1068",1607,1697,1658,1708,1899,1414,1146,1349,1069,1313
"Iso_2_1069",452,699,580,572,561,681,503,703,508,613
"Iso_2_1070",2977,3516,3350,3447,3046,2492,3562,2949,3632,3112
"Iso_2_1071",201,110,135,99,163,112,174,154,132,135
"Iso_2_1072",167,214,256,210,168,160,138,216,243,188
"Iso_2_1073",1463,1676,1885,1431,1693,1450,1268,1081,1737,1788
"Iso_2_1074",65,94,52,106,65,82,75,75,75,59
"Iso_2_1075",54,55,37,30,25,31,31,30,55,40
"Iso_2_1076",37,62,26,56,44,41,49,61,45,67
"Iso_2_1077",142,155,140,151,168,187,121,144,93,146
"Iso_2_1078",1311,1226,1689,1576,1268,1385,1302,2039,1513,1512
"Iso_2_1079",1578,1464,1279,1704,1499,1179,2043,1788,1422,1333
"Iso_2_1080",135,149,102,288,129,154,171,117,115,147
"Iso_2_1081",108,178,187,107,104,167,154,207,159,219
"Iso_2_1082",313,430,309,307,269,385,491,289,310,357
"Iso_2_1083",505,464,624,407,639,351,528,409,648,551
"Iso_2_1084",332,395,430,402,308,358,302,291,320,314
"Iso_2_1085",714,547,332,624,792,329,463,456,312,438
"Iso_2_1086",96,88,115,142,133,141,79,138,92,40
"Iso_2_1087",569,635,600,543,481,501,478,534,602,638
"Iso_2_1088",215,273,196,199,217,220,222,242,201,245
"Iso_2_1089",218,160,164,215,258,193,117,179,163,146
"Iso_2_1090",522,539,428,535,668,587,295,436,556,436
"Iso_2_1091",479,499,405,518,537,435,567,393,312,405
"Iso_2_1092",7,7,0,2,1,4,3,4,5,3
"Iso_2_1093",2,8,1,3,4,2,0,2,2,2
"Iso_2_1094",236,301,204,258,213,221,268,267,244,256
"Iso_2_1095",160,126,125,134,130,161,200,143,191,168
"Iso_2_1096",14,8,11,4,21,14,10,9,5,12
"Iso_2_1097",227,396,464,335,281,237,312,259,443,273
"Iso_2_1098",7,3,4,3,7,0,6,4,2,7
"Iso_2_1099",6,31,158,140,36,23,23,9,69,76
"Iso_2_1100",33,20,53,35,46,33,36,45,32,22
"Iso_2_1101",411,353,394,477,813,627,387,454,253,589
"Iso_2_1102",242,286,226,250,153,148,263,147,165,351
"Iso_2_1103",24,31,29,28,27,26,40,33,37,20
"Iso_2_1104",6,6,9,11,8,11,20,5,8,5
"Iso_2_1105",22,18,27,25,13,33,35,26,22,18
"Iso_2_1106",258,201,156,167,224,212,183,206,398,401
"Iso_2_1107",145,95,129,317,474,264,188,375,108,132
"Iso_2_1108",0,0,0,1,0,2,0,3,0,2
"Iso_2_1109",60,50,58,68,38,67,70,64,42,91
"Iso_2_1110",252,170,250,264,195,261,203,200,173,249
"Iso_2_1111",5,5,5,7,0,10,0,14,7,4
"Iso_2_1112",9,5,16,12,14,8,23,22,8,9
"Iso_2_1113",20,55,16,24,25,28,39,33,19,67
"Iso_2_1114",491,447,403,431,539,413,583,509,476,487
"Iso_2_1115",33,24,23,54,35,17,26,33,8,20
"Iso_2_1116",6554,11246,4229,9139,2907,5660,6133,6655,7516,7660
"Iso_2_1117",16,25,58,43,60,57,25,82,75,46
"Iso_2_1118",7,23,15,14,14,15,7,4,9,7
"Iso_2_1119",2670,2104,2295,1901,2314,2815,2730,2538,2095,2164
"Iso_2_1120",1476,2731,1280,1378,1838,1570,1517,1688,1929,1560
"Iso_2_1121",142,201,165,194,184,185,158,163,266,275
"Iso_2_1122",424,473,383,429,446,443,405,450,316,355
"Iso_2_1123",0,2,0,1,0,2,1,3,3,0
"Iso_2_1124",13,24,23,14,15,29,34,18,12,29
"Iso_2_1125",145,49,87,81,84,80,72,71,56,56
"Iso_2_1126",867,656,770,874,847,761,880,848,686,839
"Iso_2_1127",13,8,27,20,15,15,38,14,17,24
"Iso_2_1128",79,79,105,97,62,78,97,78,58,81
"Iso_2_1129",257,265,219,316,313,333,500,213,201,319
"Iso_2_1130",363,499,506,601,447,443,522,500,475,383
"Iso_2_1131",537,541,266,585,523,422,235,592,447,422
"Iso_2_1132",764,1004,955,917,737,882,883,834,824,799
"Iso_2_1133",63,96,32,27,65,74,13,65,49,58
"Iso_2_1134",300,234,398,282,231,385,265,267,328,317
"Iso_2_1135",91,55,59,87,53,58,48,80,91,44
"Iso_2_1136",18,13,27,31,22,18,27,27,23,31
"Iso_2_1137",118,129,136,28,114,59,100,103,63,43
"Iso_2_1138",85,34,44,3,49,45,25,36,30,13
"Iso_2_1139",232,280,205,176,261,251,211,257,281,196
"Iso_2_1140",526,539,560,462,263,518,382,548,597,380
"Iso_2_1141",318,253,282,230,227,189,288,222,277,237
"Iso_2_1142",14,22,33,33,44,31,29,20,21,37
"Iso_2_1143",3,6,3,2,5,10,10,1,2,2
"Iso_2_1144",105,305,166,124,241,95,101,204,69,254
"Iso_2_1145",644,699,797,598,623,793,777,541,544,448
"Iso_2_1146",42,43,45,23,34,52,20,57,16,49
"Iso_2_1147",8,33,50,29,16,38,24,43,26,23
"Iso_2_1148",2,1,0,5,2,5,4,4,2,0
"Iso_2_1149",288,236,356,246,255,217,292,402,287,263
"Iso_2_1150",65,71,50,70,72,79,50,74,81,46
"Iso_2_1151",148,169,173,119,148,144,169,183,160,153
"Iso_2_1152",58,19,18,18,12,23,18,10,23,24
"Iso_2_1153",11,27,18,12,20,54,45,32,21,80
"Iso_2_1154",66,83,75,95,86,94,65,92,62,68
"Iso_2_1155",12,16,7,11,12,12,8,22,10,18
"Iso_2_1156",138,70,170,102,115,111,136,171,132,245
"Iso_2_1157",355,661,468,366,517,442,633,392,743,313
"Iso_2_1158",45,50,37,61,44,68,39,54,38,38
"Iso_2_1159",10,17,14,15,17,28,25,15,14,13
"Iso_2_1160",740,578,708,899,657,696,615,649,671,582
"Iso_2_1161",1231,1836,1567,1224,1801,1501,1002,1518,1090,1123
"Iso_2_1162",44,47,3,42,26,53,20,27,12,52
"Iso_2_1163",27,28,17,20,16,11,32,26,31,30
"Iso_2_1164",38,17,6,17,44,25,13,17,14,25
"Iso_2_1165",133,133,168,178,136,147,198,126,146,193
"Iso_2_1166",30,73,90,84,45,72,17,62,32,17
"Iso_2_1167",98,177,143,85,167,150,84,105,122,126
"Iso_2_1168",0,0,1,0,0,0,0,0,2,3
"Iso_2_1169",244,414,273,353,275,271,274,250,290,300
"Iso_2_1170",47,63,215,79,103,141,43,88,105,98
"Iso_2_1171",29,40,58,30,21,41,50,21,19,39
"Iso_2_1172",4,1,3,4,5,2,0,0,6,2
"Iso_2_1173",223,137,127,79,138,72,157,114,109,260
"Iso_2_1174",3052,1770,1732,2497,1783,2047,3571,2470,2542,2562
"Iso_2_1175",137,61,124,118,70,120,93,125,53,155
"Iso_2_1176",204,225,196,259,230,232,248,260,203,259
"Iso_2_1177",161,58,95,40,60,33,49,228,85,64
"Iso_2_1178",53,82,54,27,67,98,93,42,58,100
"Iso_2_1179",178,236,221,160,281,162,304,152,228,191
"Iso_2_1180",573,511,758,621,639,545,943,418,828,772
"Iso_2_1181",553,413,501,491,317,360,420,389,503,494
"Iso_2_1182",271,289,279,216,356,260,172,295,324,208
"Iso_2_1183",63,63,59,101,53,76,63,65,47,65
"Iso_2_1184",417,327,348,365,248,393,344,410,394,359
"Iso_2_1185",196,204,120,124,136,126,164,235,105,227
"Iso_2_1186",65,33,26,39,27,40,39,33,42,27
"Iso_2_1187",240,324,219,345,378,243,345,384,386,335
"Iso_2_1188",32,23,24,27,31,14,32,25,46,24
"Iso_2_1189",394,185,247,160,145,259,203,159,178,240
"Iso_2_1190",314,459,573,505,228,498,286,268,555,257
"Iso_2_1191",372,339,212,120,296,233,154,252,328,271
"Iso_2_1192",1135,1064,1306,1409,1507,1202,1326,1349,1144,1202
"Iso_2_1193",488,416,426,300,356,543,414,440,355,388
"Iso_2_1194",160,134,178,163,174,173,172,161,188,147
"Iso_2_1195",61,94,20,35,21,50,64,69,65,115
"Iso_2_1196",102,78,167,111,188,103,116,102,123,116
"Iso_2_1197",567,601,626,659,692,618,534,513,544,633
"Iso_2_1198",729,313,438,481,499,506,320,649,669,742
"Iso_2_1199",93,56,92,71,115,87,54,89,52,61
"Iso_2_1200",265,238,330,341,316,260,323,313,360,515
"Iso_2_1201",85,77,110,153,70,63,90,171,62,99
"Iso_2_1202",319,376,375,360,296,336,357,373,461,351
"Iso_2_1203",1913,3559,1320,2343,2088,1163,2069,1798,1917,2777
"Iso_2_1204",332,251,304,189,369,251,384,293,301,291
"Iso_2_1205",105,154,117,185,185,180,130,111,120,176
"Iso_2_1206",25,37,11,12,17,31,26,36,20,6
"Iso_2_1207",125,211,196,199,116,162,90,116,98,179
"Iso_2_1208",14,10,13,10,13,10,13,11,4,7
"Iso_2_1209",256,107,188,68,153,68,189,115,158,111
"Iso_2_1210",81,111,39,16,130,73,45,56,24,75
"Iso_2_1211",62,29,51,65,48,37,69,55,47,52
"Iso_2_1212",0,0,0,0,2,1,0,1,0,0
"Iso_2_1213",65,31,37,52,62,40,57,44,33,33
"Iso_2_1214",9,16,16,14,19,14,17,9,16,8
"Iso_2_1215",149,121,254,157,203,130,351,169,258,273
"Iso_2_1216",108,119,57,131,82,138,106,182,103,69
"Iso_2_1217",253,279,196,284,267,265,327,385,189,260
"Iso_2_1218",495,262,235,824,393,433,262,331,404,364
"Iso_2_1219",918,961,864,858,906,841,897,648,829,937
"Iso_2_1220",117,98,94,121,84,99,125,115,81,128
"Iso_2_1221",42,55,26,28,29,36,51,23,29,31
"Iso_2_1222",182,119,64,54,152,114,207,81,176,151
"Iso_2_1223",553,378,243,323,239,287,254,241,278,300
"Iso_2_1224",27,45,38,38,49,46,34,42,29,47
"Iso_2_1225",39,50,67,60,34,49,32,65,47,63
"Iso_2_1226",1,0,1,0,0,0,2,0,0,0
"Iso_2_1227",531,702,668,581,842,716,649,991,672,666
"Iso_2_1228",144,19,68,229,50,45,88,87,102,66
"Iso_2_1229",2128,659,2191,668,1546,1758,3463,1262,2153,1741
"Iso_2_1230",34,37,18,12,19,48,35,77,112,22
"Iso_2_1231",678,695,817,618,694,732,537,610,612,749
"Iso_2_1232",59,67,38,49,47,42,54,40,55,47
"Iso_2_1233",120,168,48,142,63,67,89,139,179,65
"Iso_2_1234",25,19,19,14,10,22,9,14,9,32
"Iso_2_1235",132,110,78,70,99,80,109,67,64,72
"Iso_2_1236",82,52,82,86,96,84,94,102,84,78
"Iso_2_1237",30,53,52,75,96,34,50,49,54,42
"Iso_2_1238",108,162,448,447,1011,417,498,326,243,336
"Iso_2_1239",14,42,39,26,46,68,53,48,80,43
"Iso_2_1240",64,38,48,89,69,32,49,52,33,64
"Iso_2_1241",2,0,1,2,0,0,0,0,0,0
"Iso_2_1242",8,2,5,4,3,0,2,2,1,3
"Iso_2_1243",269,141,268,183,268,256,196,134,139,204
"Iso_2_1244",233,276,256,202,183,170,246,280,278,208
"Iso_2_1245",11,17,22,12,10,11,18,9,11,18
"Iso_2_1246",1331,1183,1347,1494,1673,1380,1792,1526,1525,1511
"Iso_2_1247",196,197,187,264,134,197,158,164,136,205
"Iso_2_1248",53,43,51,56,39,59,53,57,51,53
"Iso_2_1249",397,393,411,583,344,621,376,470,540,439
"Iso_2_1250",263,184,119,161,164,217,136,220,121,106
"Iso_2_1251",401,198,944,442,464,591,782,527,840,541
"Iso_2_1252",974,971,1230,953,1139,785,1367,1419,884,897
"Iso_2_1253",1609,1992,1984,2400,2089,2575,1545,1986,2378,2358
"Iso_2_1254",141,74,16,70,93,49,75,27,132,187
"Iso_2_1255",22,9,22,35,48,13,27,20,17,25
"Iso_2_1256",1002,1184,1091,1132,973,961,906,930,1094,1064
"Iso_2_1257",69,99,107,85,81,69,103,60,51,49
"Iso_2_1258",12,5,9,10,8,12,10,8,8,8
"Iso_2_1259",313,272,226,265,157,274,237,258,229,342
"Iso_2_1260",7673,5346,4812,5691,6943,5893,9712,8374,10424,7287
"Iso_2_1261",2,6,9,2,1,3,7,4,7,7
"Iso_2_1262",501,732,707,665,714,585,521,609,906,611
"Iso_2_1263",3,1,1,1,0,0,1,0,0,0
"Iso_2_1264",25,24,26,27,18,29,33,32,29,38
"Iso_2_1265",102,104,126,143,108,160,161,99,108,137
"Iso_2_1266",138,205,140,121,104,189,144,122,72,134
"Iso_2_1267",652,745,789,738,584,429,1011,460,609,897
"Iso_2_1268",275,348,159,72,156,141,143,108,214,148
"Iso_2_1269",22,42,23,19,32,28,21,18,32,41
"Iso_2_1270",22,22,27,27,19,40,29,23,41,42
"Iso_2_1271",20,45,9,36,11,33,7,3,9,40
"Iso_2_1272",32,38,35,40,47,1,68,40,81,30
"Iso_2_1273",9,18,10,14,13,9,16,7,16,25
"Iso_2_1274",256,261,469,637,522,296,259,653,243,327
"Iso_2_1275",295,327,311,253,378,234,310,292,436,305
"Iso_2_1276",125,166,120,248,199,152,103,240,59,181
"Iso_2_1277",2,0,0,0,1,1,0,0,1,1
"Iso_2_1278",112,133,134,79,117,107,113,117,49,120
"Iso_2_1279",29,9,29,18,28,46,18,36,43,11
"Iso_2_1280",25,115,186,155,151,106,147,82,154,156
"Iso_2_1281",3,18,22,9,10,14,16,17,21,23
"Iso_2_1282",131,278,211,146,235,163,216,163,161,168
"Iso_2_1283",262,341,202,262,262,235,220,344,260,229
"Iso_2_1284",700,509,655,585,878,547,770,859,596,627
"Iso_2_1285",473,322,211,454,440,359,191,486,600,687
"Iso_2_1286",25,32,25,37,47,45,30,39,36,23
"Iso_2_1287",228,194,134,112,113,177,178,81,175,114
"Iso_2_1288",58,50,51,82,99,72,103,48,47,56
"Iso_2_1289",0,1,3,3,0,2,0,0,3,2
"Iso_2_1290",450,1355,652,224,530,374,289,240,407,260
"Iso_2_1291",915,967,1004,1039,567,690,1120,859,1183,925
"Iso_2_1292",233,130,142,217,206,216,161,150,176,241
"Iso_2_1293",2763,2339,2752,2368,2698,2668,2863,2735,2983,2648
"Iso_2_1294",22,10,9,15,15,15,17,29,40,20
"Iso_2_1295",585,614,553,614,559,506,575,572,485,525
"Iso_2_1296",45,36,46,26,28,28,26,35,26,49
"Iso_2_1297",354,295,297,356,448,378,213,277,312,326
"Iso_2_1298",12,9,13,8,14,10,15,13,12,12
"Iso_2_1299",95,66,79,101,118,94,115,107,110,104
"Iso_2_1300",386,398,367,494,330,392,401,387,305,339
"Iso_2_1301",142,149,171,180,150,153,154,135,128,171
"Iso_2_1302",47,18,14,20,4,11,10,23,6,2
"Iso_2_1303",43,34,44,56,29,52,44,32,47,11
"Iso_2_1304",12,14,14,7,17,17,11,11,14,19
"Iso_2_1305",267,208,370,301,478,418,455,338,464,439
"Iso_2_1306",162,129,352,163,175,160,148,179,104,168
"Iso_2_1307",173,122,169,121,168,132,108,138,182,108
"Iso_2_1308",195,159,212,203,211,170,248,156,225,231
"Iso_2_1309",246,141,130,112,122,62,48,319,202,143
"Iso_2_1310",56,58,33,36,72,49,70,81,53,52
"Iso_2_1311",214,134,139,155,172,132,140,176,212,185
"Iso_2_1312",123,157,196,172,221,206,167,177,161,214
"Iso_2_1313",193,421,106,583,138,302,466,311,128,237
"Iso_2_1314",76,89,145,103,525,350,218,40,246,103
"Iso_2_1315",2026,2075,2456,2763,2383,2574,2097,2409,2705,2413
"Iso_2_1316",25,24,23,29,43,54,23,32,31,46
"Iso_2_1317",578,538,610,769,559,589,576,639,584,749
"Iso_2_1318",255,231,283,157,151,257,174,203,123,251
"Iso_2_1319",24,19,31,21,18,40,19,30,28,25
"Iso_2_1320",23,10,20,29,29,7,39,14,18,16
"Iso_2_1321",28,42,54,58,34,78,52,65,52,69
"Iso_2_1322",118,119,133,83,96,107,82,152,152,66
"Iso_2_1323",29,50,40,64,25,48,41,36,31,59
"Iso_2_1324",27,19,32,31,25,22,26,20,14,22
"Iso_2_1325",395,357,440,953,538,480,546,621,446,462
"Iso_2_1326",48,72,54,50,278,53,248,121,13,67
"Iso_2_1327",699,814,656,505,513,689,724,435,1037,623
"Iso_2_1328",1,6,3,7,2,2,3,4,2,0
"Iso_2_1329",92,90,42,118,75,182,250,84,44,92
"Iso_2_1330",82,128,113,256,91,214,127,179,104,64
"Iso_2_1331",1540,1597,1381,1459,1595,1350,1188,1576,1480,1344
"Iso_2_1332",21,22,32,24,17,36,29,16,19,32
"Iso_2_1333",299,228,199,241,265,246,197,243,309,303
"Iso_2_1334",2859,2801,3089,2303,2286,2783,2646,2325,3206,2363
"Iso_2_1335",461,347,438,499,474,475,358,462,412,435
"Iso_2_1336",1829,1582,1548,1279,1584,1372,1013,1326,1686,1357
"Iso_2_1337",279,211,214,182,233,277,329,230,186,284
"Iso_2_1338",18,18,17,15,9,18,23,16,20,17
"Iso_2_1339",111,102,107,99,81,109,105,164,135,132
"Iso_2_1340",46,49,19,24,24,25,7,16,75,5
"Iso_2_1341",10,3,6,7,12,2,17,5,0,11
"Iso_2_1342",3,4,4,8,8,11,8,4,9,4
"Iso_2_1343",554,711,571,616,577,659,599,566,534,551
"Iso_2_1344",199,197,210,155,139,120,148,112,151,239
"Iso_2_1345",10,7,2,6,4,19,5,14,2,7
"Iso_2_1346",407,305,255,324,95,338,470,345,312,405
"Iso_2_1347",103,100,88,148,131,173,218,408,257,125
"Iso_2_1348",22,3,4,4,10,11,8,5,7,4
"Iso_2_1349",11,3,6,2,6,4,7,2,2,0
"Iso_2_1350",500,631,429,417,639,333,342,461,566,284
"Iso_2_1351",292,149,231,221,183,220,226,213,256,263
"Iso_2_1352",163,34,50,126,155,78,62,105,20,145
"Iso_2_1353",46,46,46,30,32,31,26,48,14,19
"Iso_2_1354",65,54,63,68,65,54,71,69,43,136
"Iso_2_1355",66,65,57,44,59,81,55,77,62,61
"Iso_2_1356",287,260,266,204,289,261,288,238,233,299
"Iso_2_1357",38,30,31,40,44,44,27,28,45,30
"Iso_2_1358",126,24,24,110,46,21,19,19,60,78
"Iso_2_1359",989,884,1092,719,764,899,1048,1118,1087,876
"Iso_2_1360",93,117,107,119,118,80,139,169,132,146
"Iso_2_1361",24,41,17,25,37,39,67,63,66,46
"Iso_2_1362",623,618,606,855,729,570,401,560,527,458
"Iso_2_1363",7864,11387,7111,6116,5910,8666,8457,15179,8635,7159
"Iso_2_1364",2781,1078,1664,1332,1038,825,1019,1709,1738,2509
"Iso_2_1365",212,236,139,181,91,161,117,156,138,107
"Iso_2_1366",5,12,11,6,5,12,7,6,2,8
"Iso_2_1367",5,6,4,6,4,5,4,6,8,7
"Iso_2_1368",177,155,149,108,113,179,58,142,114,122
"Iso_2_1369",97,107,93,120,75,113,108,135,102,116
"Iso_2_1370",164,161,123,164,186,126,176,170,171,127
"Iso_2_1371",4,3,3,8,9,1,6,6,9,6
"Iso_2_1372",12,10,15,16,15,16,14,19,6,5
"Iso_2_1373",85,69,212,297,274,229,656,218,453,269
"Iso_2_1374",792,205,553,336,368,550,527,501,473,164
"Iso_2_1375",1085,1048,1185,812,838,1020,483,841,542,681
"Iso_2_1376",32,41,18,24,22,23,33,10,28,11
"Iso_2_1377",369,154,274,346,378,267,251,305,196,282
"Iso_2_1378",85,176,226,266,146,167,123,107,136,322
"Iso_2_1379",26,26,27,44,42,46,19,63,20,20
"Iso_2_1380",13,17,30,16,19,39,12,24,27,20
"Iso_2_1381",96,106,69,116,65,33,69,67,108,55
"Iso_2_1382",116,132,136,218,291,153,206,267,221,233
"Iso_2_1383",378,433,374,519,469,559,415,347,489,449
"Iso_2_1384",105,33,69,31,422,49,161,94,310,141
"Iso_2_1385",119,144,548,247,337,360,358,50,246,390
"Iso_2_1386",1446,1577,1274,1067,911,980,1189,1360,1702,1413
"Iso_2_1387",535,408,375,474,337,393,500,330,298,301
"Iso_2_1388",260,298,331,319,252,197,323,260,267,246
"Iso_2_1389",31,10,13,34,18,46,36,18,26,25
"Iso_2_1390",3,4,2,4,4,6,1,1,5,0
"Iso_2_1391",84,178,82,182,110,106,133,75,28,137
"Iso_2_1392",207,174,142,185,151,157,173,142,167,151
"Iso_2_1393",298,260,223,266,271,222,179,232,240,395
"Iso_2_1394",86,96,93,64,16,39,25,116,24,57
"Iso_2_1395",1,0,2,0,2,0,3,0,2,1
"Iso_2_1396",239,272,262,174,255,346,213,215,255,227
"Iso_2_1397",249,316,268,254,298,318,301,245,325,312
"Iso_2_1398",15,19,29,25,31,12,25,23,15,38
"Iso_2_1399",23,13,15,11,18,9,10,9,8,25
"Iso_2_1400",680,616,392,462,193,1217,67,297,241,87
"Iso_3_1",384,281,129,185,274,971,1041,845,989,1031
"Iso_3_2",84,121,97,216,203,408,409,426,496,441
"Iso_3_3",0,0,2,0,2,2,0,3,5,2
"Iso_3_4",66,21,129,17,62,332,177,134,435,317
"Iso_3_5",44,43,23,12,33,116,88,94,144,161
"Iso_3_6",132,196,140,148,141,39,27,23,16,27
"Iso_3_7",23,39,29,35,54,13,16,5,14,16
"Iso_3_8",9,13,1,4,3,49,42,60,28,36
"Iso_3_9",668,714,510,687,530,152,172,120,166,167
"Iso_3_10",54,39,32,35,32,315,167,63,243,63
"Iso_3_11",12,8,10,11,16,38,41,20,30,25
"Iso_3_12",104,109,140,106,126,347,623,736,500,229
"Iso_3_13",503,599,604,617,685,188,273,140,227,168
"Iso_3_14",1658,1508,1742,1450,1402,350,502,472,289,413
"Iso_3_15",392,513,350,373,402,1106,1796,1184,1292,1091
"Iso_3_16",1512,1677,1536,1508,1659,331,345,354,514,574
"Iso_3_17",129,91,121,141,145,419,454,653,460,467
"Iso_3_18",150,193,167,143,106,54,59,54,37,33
"Iso_3_19",149,193,128,182,144,27,60,72,7,40
"Iso_3_20",135,215,133,35,80,185,8,561,113,386
"Iso_3_21",1077,1012,865,1009,1002,354,241,225,264,338
"Iso_3_22",255,100,227,216,324,1006,865,624,502,739
"Iso_3_23",26,14,28,2,53,4,10,3,0,4
"Iso_3_24",1503,1399,1913,1408,1135,5349,5323,4312,6397,4784
"Iso_3_25",7,10,11,3,17,46,27,20,54,23
"Iso_3_26",224,907,221,233,720,3312,1429,1929,5233,3580
"Iso_3_27",601,543,544,436,483,126,172,138,175,125
"Iso_3_28",66,37,62,46,61,36,16,17,11,5
"Iso_3_29",2,6,5,4,13,22,55,66,11,38
"Iso_3_30",236,226,278,289,157,1043,702,609,597,743
"Iso_3_31",76,77,59,93,69,15,20,27,12,8
"Iso_3_32",460,420,387,478,507,119,145,136,144,150
"Iso_3_33",109,38,61,10,2,83,144,44,54,146
"Iso_3_34",10,2,4,7,5,1,1,4,0,0
"Iso_3_35",4442,3353,15822,9664,5699,55234,12469,61192,2281,11144
"Iso_3_36",196,490,213,207,154,276,1605,1250,412,661
"Iso_3_37",232,235,192,182,251,819,1313,1199,757,1114
"Iso_3_38",31,99,47,33,56,141,133,203,160,213
"Iso_3_39",1328,1044,1219,1062,1047,308,317,260,307,311
"Iso_3_40",43,104,69,37,79,60,865,232,126,814
"Iso_3_41",97,79,138,165,165,562,394,605,214,337
"Iso_3_42",1021,1258,1114,915,1292,669,323,300,333,236
"Iso_3_43",19,12,15,16,3,1,5,5,5,4
"Iso_3_44",7,4,11,6,2,6,1,38,19,22
"Iso_3_45",740,740,721,871,876,157,163,177,181,205
"Iso_3_46",7,13,8,10,6,42,23,17,46,37
"Iso_3_47",5642,6284,6559,5195,5480,1662,2119,1305,1430,1876
"Iso_3_48",65,24,43,23,10,115,79,179,208,148
"Iso_3_49",189,116,180,112,82,389,612,532,507,453
"Iso_3_50",425,246,307,329,151,1063,986,926,1261,1267
"Iso_3_51",268,356,475,426,386,2012,1361,2791,1001,2839
"Iso_3_52",97,102,97,115,115,359,352,319,253,384
"Iso_3_53",1129,987,982,1259,1122,207,256,337,411,412
"Iso_3_54",377,263,310,228,266,77,97,50,107,152
"Iso_3_55",2,2,7,15,18,16,8,16,85,27
"Iso_3_56",1613,1479,1765,1485,1486,362,331,356,393,580
"Iso_3_57",4,6,4,3,4,11,36,20,4,42
"Iso_3_58",1461,1250,1115,1326,1214,300,367,427,267,484
"Iso_3_59",7421,6614,6457,7625,5238,19500,38641,22745,23104,23627
"Iso_3_60",213,232,223,267,276,64,86,24,57,52
"Iso_3_1061",2760,2808,4625,4045,3349,3553,2969,3604,2269,4193
"Iso_3_1062",9,16,17,4,4,5,18,17,2,10
"Iso_3_1063",9,10,50,32,61,44,23,54,98,51
"Iso_3_1064",342,549,611,463,848,381,640,627,518,671
"Iso_3_1065",482,332,448,377,360,471,671,446,345,354
"Iso_3_1066",301,370,225,284,505,392,469,355,333,355
"Iso_3_1067",3215,2625,1882,1742,2341,2267,1620,2897,2441,3103
"Iso_3_1068",512,498,493,363,358,552,560,439,597,339
"Iso_3_1069",129,59,220,67,150,104,164,54,96,111
"Iso_3_1070",349,420,145,379,481,438,93,927,32,557
"Iso_3_1071",3,1,0,14,7,2,12,1,2,10
"Iso_3_1072",15,22,7,0,0,5,7,1,6,12
"Iso_3_1073",67,81,81,68,68,64,48,78,56,73
"Iso_3_1074",335,334,263,273,371,169,372,228,290,252
"Iso_3_1075",26,20,11,5,4,9,20,8,43,45
"Iso_3_1076",72,69,40,78,88,79,33,62,52,61
"Iso_3_1077",225,327,339,334,362,217,389,290,352,217
"Iso_3_1078",0,0,1,0,0,1,2,1,0,0
"Iso_3_1079",497,533,908,577,442,738,668,558,586,713
"Iso_3_1080",40,47,29,18,49,29,29,32,23,34
"Iso_3_1081",116,184,586,58,414,251,865,358,805,469
"Iso_3_1082",0,1,2,2,1,1,0,0,1,3
"Iso_3_1083",250,231,181,197,272,182,323,210,304,174
"Iso_3_1084",12,52,21,12,22,13,15,29,20,39
"Iso_3_1085",179,147,120,132,174,145,103,43,72,81
"Iso_3_1086",8,0,4,4,2,1,1,3,1,3
"Iso_3_1087",0,0,2,0,1,0,0,0,2,0
"Iso_3_1088",181,123,154,200,181,182,213,117,141,219
"Iso_3_1089",256,416,126,267,446,233,242,313,395,190
"Iso_3_1090",174,57,76,133,36,28,158,82,166,110
"Iso_3_1091",518,618,717,629,469,817,547,693,791,805
"Iso_3_1092",145,109,154,85,154,141,96,130,131,52
"Iso_3_1093",10,36,13,12,4,8,15,23,19,8
"Iso_3_1094",158,158,138,129,224,174,168,156,211,112
"Iso_3_1095",235,156,305,355,59,295,111,228,230,225
"Iso_3_1096",2,1,6,3,1,2,3,4,1,1
"Iso_3_1097",769,511,495,631,536,744,812,686,896,545
"Iso_3_1098",18,85,16,63,17,57,30,42,26,22
"Iso_3_1099",23,12,31,15,21,32,21,13,21,18
"Iso_3_1100",485,593,396,476,370,450,480,606,464,470
"Iso_3_1101",78,69,54,60,54,40,58,62,82,51
"Iso_3_1102",64,32,32,45,29,30,28,44,65,51
"Iso_3_1103",95,197,233,104,243,166,284,164,166,73
"Iso_3_1104",726,755,704,458,426,517,439,710,539,711
"Iso_3_1105",108,131,150,158,81,203,101,170,118,211
"Iso_3_1106",28,59,29,68,49,62,64,67,84,51
"Iso_3_1107",264,10,44,202,33,58,27,48,79,164
"Iso_3_1108",9757,7069,9173,11857,9807,15557,5010,7965,12183,11208
"Iso_3_1109",96,59,97,31,67,93,84,68,87,96
"Iso_3_1110",530,511,551,585,411,404,565,481,551,522
"Iso_3_1111",17,23,6,34,10,6,4,55,18,20
"Iso_3_1112",212,112,191,223,185,157,107,153,237,181
"Iso_3_1113",388,1064,536,176,210,312,602,423,411,92
"Iso_3_1114",31,6,5,4,3,4,11,3,5,8
"Iso_3_1115",46,48,72,48,43,31,69,46,58,33
"Iso_3_1116",403,780,702,395,440,497,728,858,973,705
"Iso_3_1117",607,360,325,572,277,712,600,418,614,774
"Iso_3_1118",5,7,9,13,7,11,8,13,12,8
"Iso_3_1119",82,34,38,60,78,40,113,20,32,19
"Iso_3_1120",266,386,91,168,79,138,283,412,187,397
"Iso_3_1121",97,538,175,38,196,188,359,209,89,228
"Iso_3_1122",46,17,80,90,28,44,31,51,53,31
"Iso_3_1123",603,852,969,568,860,1015,1042,709,399,799
"Iso_3_1124",40,35,30,28,29,23,30,17,27,38
"Iso_3_1125",50,31,64,68,73,55,99,44,197,70
"Iso_3_1126",42,88,120,73,58,111,80,37,41,127
"Iso_3_1127",111,87,114,78,70,121,95,116,56,253
"Iso_3_1128",2,10,15,14,11,16,10,8,18,8
"Iso_3_1129",483,1126,1205,2005,1211,1264,1561,989,1212,450
"Iso_3_1130",84,109,64,89,103,85,86,95,45,83
"Iso_3_1131",111,8,18,147,55,74,4,68,69,7
"Iso_3_1132",91,78,218,173,44,32,46,8,20,31
"Iso_3_1133",154,11,52,243,92,335,333,365,14,270
"Iso_3_1134",500,296,401,492,331,499,371,241,568,506
"Iso_3_1135",191,219,250,260,169,253,257,314,147,260
"Iso_3_1136",204,314,156,115,221,298,187,157,347,320
"Iso_3_1137",114,234,142,279,149,113,146,219,150,73
"Iso_3_1138",63,85,65,52,29,72,47,43,14,21
"Iso_3_1139",16,38,25,17,9,10,12,16,26,33
"Iso_3_1140",5,0,6,2,17,11,7,5,5,3
"Iso_3_1141",43,35,17,17,18,15,29,37,18,30
"Iso_3_1142",25,17,82,13,25,31,11,10,40,16
"Iso_3_1143",459,512,501,385,457,431,451,420,507,326
"Iso_3_1144",20,21,30,70,11,15,22,22,28,30
"Iso_3_1145",1,2,2,3,4,4,3,0,2,1
"Iso_3_1146",3168,5361,2708,5684,2774,2761,3856,3138,2629,2532
"Iso_3_1147",18,7,10,22,14,19,6,21,28,26
"Iso_3_1148",0,0,0,3,0,0,0,1,1,1
"Iso_3_1149",6,3,0,10,12,8,7,9,9,7
"Iso_3_1150",73,89,128,107,71,62,66,94,68,112
"Iso_3_1151",100,99,25,145,99,246,93,184,115,153
"Iso_3_1152",3086,4000,2647,3118,2580,2762,2972,2150,3618,3450
"Iso_3_1153",138,47,85,185,242,173,136,364,84,51
"Iso_3_1154",1,3,1,4,4,2,1,5,4,4
"Iso_3_1155",18,24,19,33,23,34,19,28,28,24
"Iso_3_1156",13,37,18,17,33,22,10,28,28,4
"Iso_3_1157",9,6,5,7,11,10,9,5,16,4
"Iso_3_1158",32,49,38,13,27,32,27,31,45,46
"Iso_3_1159",0,0,1,2,4,5,2,1,1,1
"Iso_3_1160",947,1337,807,1481,1207,1196,1084,1513,1485,1268
"Iso_3_1161",378,258,346,287,205,282,292,297,373,340
"Iso_3_1162",219,202,249,178,148,237,230,258,228,185
"Iso_3_1163",19,32,4,10,6,15,13,10,9,18
"Iso_3_1164",54,108,7,35,46,114,11,57,130,68
"Iso_3_1165",1048,1134,934,961,736,1266,966,678,1253,1070
"Iso_3_1166",146,78,87,148,63,156,234,266,97,33
"Iso_3_1167",14,17,12,14,5,13,7,9,14,10
"Iso_3_1168",55,17,34,79,31,43,57,64,95,42
"Iso_3_1169",17,12,8,7,8,26,2,5,0,1
"Iso_3_1170",65,33,59,54,75,32,60,37,52,42
"Iso_3_1171",22,18,5,13,8,11,12,12,5,3
"Iso_3_1172",1,5,0,2,2,6,3,11,7,5
"Iso_3_1173",363,531,295,308,216,259,435,303,315,362
"Iso_3_1174",8,20,54,32,28,24,21,26,32,16
"Iso_3_1175",49,355,185,167,246,179,212,279,189,419
"Iso_3_1176",52,50,31,2,132,286,139,44,70,4
"Iso_3_1177",33,23,36,30,17,50,59,44,72,26
"Iso_3_1178",2,12,12,14,4,4,0,6,11,3
"Iso_3_1179",611,991,164,461,313,622,303,270,245,381
"Iso_3_1180",18,18,19,32,14,29,16,39,16,33
"Iso_3_1181",441,378,252,244,422,326,318,295,567,319
"Iso_3_1182",61,111,81,157,150,90,71,115,19,117
"Iso_3_1183",247,137,263,347,157,205,316,205,231,285
"Iso_3_1184",49,67,80,57,95,101,70,54,101,100
"Iso_3_1185",47,58,40,41,58,62,65,77,34,43
"Iso_3_1186",56,94,55,93,59,111,62,83,57,62
"Iso_3_1187",883,1202,1010,1411,921,987,1270,1051,1232,1143
"Iso_3_1188",142,97,82,127,119,129,41,86,128,129
"Iso_3_1189",21,11,13,15,8,5,20,15,25,42
"Iso_3_1190",77,164,116,99,94,51,162,128,132,248
"Iso_3_1191",36,43,57,88,51,95,48,77,33,93
"Iso_3_1192",102,95,109,56,100,85,85,110,91,62
"Iso_3_1193",22,31,24,24,26,28,15,13,18,15
"Iso_3_1194",16,13,27,9,26,20,15,8,7,14
"Iso_3_1195",24,16,15,25,14,8,19,20,15,28
"Iso_3_1196",549,663,435,544,485,493,330,765,525,379
"Iso_3_1197",325,369,335,333,350,407,269,279,491,310
"Iso_3_1198",34,17,14,6,5,2,19,13,13,2
"Iso_3_1199",95,77,60,43,61,46,53,69,77,49
"Iso_3_1200",745,929,984,527,487,1266,619,602,886,592
"Iso_3_1201",266,385,482,302,164,138,157,466,347,73
"Iso_3_1202",76,63,69,63,49,72,73,79,102,89
"Iso_3_1203",10,3,4,6,5,11,5,23,9,13
"Iso_3_1204",258,829,199,339,770,627,456,170,386,849
"Iso_3_1205",1357,879,1330,1470,1446,860,1076,876,1043,992
"Iso_3_1206",74,98,59,67,242,115,73,90,174,40
"Iso_3_1207",35,112,106,145,162,170,126,151,104,102
"Iso_3_1208",181,163,117,111,165,105,220,155,103,123
"Iso_3_1209",173,200,221,144,300,265,195,129,222,251
"Iso_3_1210",22,60,21,43,33,29,48,24,44,44
"Iso_3_1211",3,46,33,23,8,53,23,7,50,19
"Iso_3_1212",14,6,8,7,8,7,5,8,12,8
"Iso_3_1213",22,111,49,103,159,143,36,14,57,35
"Iso_3_1214",41,159,74,73,47,34,48,61,68,242
"Iso_3_1215",383,357,276,326,242,285,230,430,225,295
"Iso_3_1216",12,10,19,31,20,28,9,28,16,7
"Iso_3_1217",13,1,7,5,6,6,1,1,8,10
"Iso_3_1218",1,1,0,0,1,0,0,0,0,0
"Iso_3_1219",233,327,327,324,231,368,340,237,301,302
"Iso_3_1220",5,2,5,4,10,0,3,1,3,7
"Iso_3_1221",274,418,284,234,254,353,312,222,317,717
"Iso_3_1222",20,40,4,31,32,19,88,67,17,32
"Iso_3_1223",448,488,451,436,601,356,480,658,480,635
"Iso_3_1224",87,81,125,25,35,60,43,47,134,99
"Iso_3_1225",0,1,4,6,1,2,4,12,4,8
"Iso_3_1226",24,18,19,52,68,23,7,21,67,53
"Iso_3_1227",126,158,137,99,154,127,184,238,84,56
"Iso_3_1228",17,5,14,12,2,3,5,3,16,7
"Iso_3_1229",35,15,43,28,26,2,14,20,14,12
"Iso_3_1230",227,306,286,382,303,265,217,376,380,263
"Iso_3_1231",450,538,761,670,602,761,752,943,357,702
"Iso_3_1232",2,1,8,5,1,0,1,1,8,0
"Iso_3_1233",118,157,218,372,164,193,117,241,162,215
"Iso_3_1234",146,100,64,32,66,132,58,204,91,64
"Iso_3_1235",8,4,8,6,3,11,3,4,16,3
"Iso_3_1236",31748,29103,31339,26844,25326,17313,27830,28162,25252,21815
"Iso_3_1237",77,91,64,91,72,54,36,80,90,60
"Iso_3_1238",2,0,1,3,2,7,5,1,1,2
"Iso_3_1239",300,284,135,265,155,375,260,259,391,353
"Iso_3_1240",27,30,44,30,39,50,19,79,28,39
"Iso_3_1241",7,40,59,20,21,25,22,29,46,0
"Iso_3_1242",11,14,14,19,10,15,9,13,10,9
"Iso_3_1243",34,100,99,15,60,36,111,36,100,183
"Iso_3_1244",61,91,43,98,94,79,54,78,77,118
"Iso_3_1245",225,151,141,143,172,158,195,134,217,160
"Iso_3_1246",104,275,162,80,68,95,87,32,60,76
"Iso_3_1247",199,51,110,24,30,31,11,58,27,117
"Iso_3_1248",45,44,23,25,35,39,45,31,17,28
"Iso_3_1249",46,21,7,43,69,43,25,18,22,14
"Iso_3_1250",331,266,341,190,338,230,241,348,228,368
"Iso_3_1251",36,100,51,40,36,49,80,23,39,34
"Iso_3_1252",0,37,32,32,8,3,33,58,6,63
"Iso_3_1253",4120,4432,4029,3899,3440,3008,3641,4023,3255,3310
"Iso_3_1254",39,151,127,160,112,224,58,78,43,122
"Iso_3_1255",16,18,24,13,11,27,20,20,44,26
"Iso_3_1256",16,22,1,20,32,0,41,5,35,7
"Iso_3_1257",9,2,3,4,6,5,5,9,3,4
"Iso_3_1258",7,7,4,13,5,10,8,6,1,4
"Iso_3_1259",45,77,88,50,72,60,51,58,33,48
"Iso_3_1260",71,18,23,29,36,30,36,36,68,55
"Iso_3_1261",43,77,32,217,122,24,158,69,52,347
"Iso_3_1262",487,505,520,507,871,772,591,681,745,707
"Iso_3_1263",23,0,12,1,30,9,0,3,37,7
"Iso_3_1264",3,1,1,4,1,2,3,9,9,4
"Iso_3_1265",12,6,13,15,11,10,13,8,10,10
"Iso_3_1266",212,185,283,223,210,298,280,223,163,294
"Iso_3_1267",28,25,36,42,14,22,83,84,71,35
"Iso_3_1268",150,199,120,92,163,146,113,182,210,227
"Iso_3_1269",101,108,94,54,55,72,124,145,138,200
"Iso_3_1270",139,238,270,220,165,213,253,170,192,223
"Iso_3_1271",8,21,15,21,8,13,29,16,14,19
"Iso_3_1272",384,248,220,282,167,343,357,336,768,259
"Iso_3_1273",173,153,111,156,63,39,222,90,99,63
"Iso_3_1274",153,26,164,43,92,70,87,70,119,36
"Iso_3_1275",14,13,12,12,16,21,13,5,11,16
"Iso_3_1276",103,271,170,321,469,789,182,343,745,318
"Iso_3_1277",1335,1271,1271,1442,1602,1891,1279,923,1018,955
"Iso_3_1278",176,117,501,255,294,218,61,128,356,158
"Iso_3_1279",190,71,69,145,86,77,49,56,66,20
"Iso_3_1280",8,18,16,13,7,17,12,15,12,14
"Iso_3_1281",2,19,25,9,24,7,10,46,9,16
"Iso_3_1282",446,440,373,464,393,532,565,235,353,524
"Iso_3_1283",124,95,233,188,91,132,117,132,137,166
"Iso_3_1284",54531,34203,34203,35931,45264,33602,52459,38214,39959,39791
"Iso_3_1285",223,140,35,126,112,159,48,102,111,195
"Iso_3_1286",70,57,51,65,74,48,33,36,66,90
"Iso_3_1287",0,0,4,5,2,0,4,2,1,0
"Iso_3_1288",823,625,1537,1234,1561,1196,1023,1067,927,1210
"Iso_3_1289",270,280,310,294,220,240,189,127,244,246
"Iso_3_1290",373,243,169,222,214,608,265,209,309,361
"Iso_3_1291",79,47,74,49,82,63,96,153,84,52
"Iso_3_1292",808,778,1076,811,802,919,876,762,911,1111
"Iso_3_1293",1524,3349,3768,1890,2645,1906,2108,4497,2865,2829
"Iso_3_1294",173,368,270,315,215,243,263,303,289,302
"Iso_3_1295",160,99,109,157,149,195,150,128,121,121
"Iso_3_1296",636,285,411,400,350,480,494,555,345,609
"Iso_3_1297",89,86,59,63,38,98,57,79,60,67
"Iso_3_1298",115,154,98,63,159,164,138,213,195,118
"Iso_3_1299",115,79,88,21,90,80,65,55,49,52
"Iso_3_1300",441,598,430,687,465,535,304,503,393,650
"Iso_3_1301",565,500,333,448,228,249,383,455,475,415
"Iso_3_1302",41,30,16,5,73,37,56,60,45,81
"Iso_3_1303",270,420,358,224,451,374,410,334,361,386
"Iso_3_1304",2,1,0,1,0,0,0,0,0,0
"Iso_3_1305",1,0,0,1,2,0,2,1,1,1
"Iso_3_1306",31,110,37,105,32,59,15,74,26,63
"Iso_3_1307",166,227,219,274,228,230,237,211,219,246
"Iso_3_1308",311,578,678,379,573,674,470,225,414,193
"Iso_3_1309",861,866,747,851,1078,863,902,716,1259,1028
"Iso_3_1310",20,28,24,11,40,40,12,19,27,26
"Iso_3_1311",148,69,11,103,175,21,37,112,13,60
"Iso_3_1312",96,66,178,115,129,67,90,169,120,46
"Iso_3_1313",49,14,23,39,32,70,52,41,59,26
"Iso_3_1314",0,1,0,1,0,0,0,0,0,1
"Iso_3_1315",627,315,374,335,371,419,426,400,466,204
"Iso_3_1316",33,46,48,92,45,49,71,36,30,77
"Iso_3_1317",2,1,28,29,16,12,14,6,16,17
"Iso_3_1318",14,23,64,39,23,20,25,31,18,8
"Iso_3_1319",1,0,0,9,8,1,5,0,1,9
"Iso_3_1320",80,236,66,132,152,206,216,310,316,160
"Iso_3_1321",325,489,445,369,190,340,236,124,386,287
"Iso_3_1322",5,2,0,1,6,1,11,10,1,7
"Iso_3_1323",558,1142,466,560,577,765,666,975,648,638
"Iso_3_1324",177,71,91,153,256,122,106,162,98,160
"Iso_3_1325",75,61,38,146,67,102,98,48,52,78
"Iso_3_1326",0,0,4,2,0,3,2,2,1,0
"Iso_3_1327",38,138,97,104,97,113,143,92,99,158
"Iso_3_1328",94,65,94,59,81,84,128,81,191,59
"Iso_3_1329",37,117,91,165,58,80,68,46,36,54
"Iso_3_1330",460,411,390,344,391,338,351,442,321,448
"Iso_3_1331",131,191,315,157,48,107,245,265,142,118
"Iso_3_1332",114,89,82,91,110,89,106,190,140,62
"Iso_3_1333",42,7,56,101,63,37,187,38,9,15
"Iso_3_1334",136,90,99,134,146,53,111,198,162,104
"Iso_3_1335",43,105,70,99,24,46,54,98,20,91
"Iso_3_1336",255,259,271,195,198,345,401,188,197,290
"Iso_3_1337",28,40,5,10,7,19,44,17,51,3
"Iso_3_1338",9,15,5,2,8,27,10,9,8,6
"Iso_3_1339",265,409,435,263,370,299,313,288,170,330
"Iso_3_1340",32,29,24,24,75,18,18,10,8,39
"Iso_3_1341",639,381,690,696,612,600,782,746,375,442
"Iso_3_1342",91,113,146,98,118,117,102,121,82,105
"Iso_3_1343",593,583,730,340,391,448,844,600,612,547
"Iso_3_1344",94,136,52,99,94,73,66,97,64,65
"Iso_3_1345",412,327,377,355,289,339,266,232,431,293
"Iso_3_1346",140,42,180,74,88,55,34,23,59,78
"Iso_3_1347",96,88,152,84,37,113,113,163,212,187
"Iso_3_1348",390,315,470,610,302,293,542,453,455,736
"Iso_3_1349",37,84,62,88,78,43,64,62,39,37
"Iso_3_1350",44,26,6,52,48,20,45,25,64,8
"Iso_3_1351",5,1,7,1,0,6,6,8,6,7
"Iso_3_1352",134,104,122,149,188,126,133,213,133,153
"Iso_3_1353",5,14,9,11,7,1,1,6,11,11
"Iso_3_1354",182,72,164,35,326,79,33,39,149,119
"Iso_3_1355",56,47,63,63,36,90,39,69,7,155
"Iso_3_1356",739,411,488,593,459,373,318,694,511,606
"Iso_3_1357",1,1,4,2,6,10,9,3,2,4
"Iso_3_1358",127,103,100,74,49,74,56,70,73,154
"Iso_3_1359",102,12,9,10,0,16,52,26,28,24
"Iso_3_1360",3229,3241,3732,2838,3320,2768,2440,2359,2441,3074
"Iso_3_1361",607,318,203,272,158,145,243,267,214,394
"Iso_3_1362",44,41,190,282,186,89,77,25,151,27
"Iso_3_1363",23,2,57,18,3,36,73,13,33,30
"Iso_3_1364",28,9,12,0,27,54,54,44,12,11
"Iso_3_1365",0,0,0,1,0,1,2,0,1,0
"Iso_3_1366",632,412,523,358,363,433,571,462,446,691
"Iso_3_1367",53,71,45,47,72,42,13,65,163,53
"Iso_3_1368",243,264,204,197,283,364,212,236,234,359
"Iso_3_1369",58,92,30,65,33,61,42,79,59,61
"Iso_3_1370",27,42,29,38,23,14,30,36,39,46
"Iso_3_1371",329,243,152,347,179,283,183,181,141,140
"Iso_3_1372",205,242,358,397,393,242,363,205,321,278
"Iso_3_1373",106,114,162,148,204,70,110,84,113,57
"Iso_3_1374",148,133,86,165,135,110,99,71,102,72
"Iso_3_1375",21,23,6,40,33,10,6,70,28,31
"Iso_3_1376",6,94,52,87,27,28,73,79,49,44
"Iso_3_1377",5,8,6,7,4,10,5,13,5,5
"Iso_3_1378",240,234,231,256,358,298,250,261,256,205
"Iso_3_1379",19,48,35,52,39,23,66,28,41,38
"Iso_3_1380",38,76,43,109,66,43,96,39,59,44
"Iso_3_1381",2103,1567,1713,1210,640,1258,1530,1046,1001,1045
"Iso_3_1382",347,210,309,134,148,321,377,97,287,331
"Iso_3_1383",6,3,6,4,5,7,3,3,6,3
"Iso_3_1384",40,105,77,138,12,60,23,18,19,18
"Iso_3_1385",73,78,69,56,69,80,69,109,75,65
"Iso_3_1386",253,200,214,306,140,191,263,199,215,278
"Iso_3_1387",106,92,136,54,82,60,31,75,90,94
"Iso_3_1388",1804,1408,1361,2056,1905,1489,1636,2256,788,1741
"Iso_3_1389",26,35,63,19,57,111,52,58,30,9
"Iso_3_1390",4,0,0,2,2,0,5,2,2,2
"Iso_3_1391",134,128,106,102,81,135,60,81,122,107
"Iso_3_1392",165,101,256,181,87,227,139,26,140,193
"Iso_3_1393",96,25,93,27,36,67,61,41,24,14
"Iso_3_1394",67,82,111,121,159,39,71,43,5,273
"Iso_3_1395",490,259,273,407,350,370,372,437,401,469
"Iso_3_1396",1168,1132,1050,1065,1146,908,1109,1005,659,680
"Iso_3_1397",0,0,0,0,0,0,0,0,1,1
"Iso_3_1398",155,154,174,94,44,74,127,72,87,73
"Iso_3_1399",123,161,50,94,41,171,95,237,73,54
"Iso_3_1400",75,61,206,118,229,131,130,119,146,109
"Iso_3_1401",11,16,68,10,8,26,33,2,3,21
"Iso_3_1402",313,585,384,467,398,489,326,327,256,449
"Iso_3_1403",7,3,0,1,0,3,1,5,5,6
"Iso_3_1404",63,97,149,135,185,148,98,117,133,95
"Iso_3_1405",24,16,22,24,34,24,34,45,65,26
"Iso_3_1406",215,191,229,197,253,239,214,198,120,174
"Iso_3_1407",4,2,1,3,5,1,2,2,1,0
"Iso_3_1408",261,267,368,201,383,366,276,276,191,520
"Iso_3_1409",0,2,0,2,1,1,2,4,5,3
"Iso_3_1410",188,180,246,114,117,160,185,194,158,92
"Iso_3_1411",6,24,3,3,7,12,4,24,17,7
"Iso_3_1412",6,8,1,5,3,4,2,2,7,2
"Iso_3_1413",90,180,138,120,90,141,96,149,73,224
"Iso_3_1414",43,77,45,37,66,37,32,52,22,20
"Iso_3_1415",449,355,394,436,230,296,296,222,412,504
"Iso_3_1416",95,40,65,81,42,105,27,49,42,51
"Iso_3_1417",23,307,31,46,105,50,52,28,172,110
"Iso_3_1418",0,1,0,1,1,2,0,0,0,2
"Iso_3_1419",491,307,380,455,511,580,491,568,393,431
"Iso_3_1420",162,291,415,328,390,406,403,221,201,299
"Iso_3_1421",33,35,2,42,12,25,73,54,16,4
"Iso_3_1422",809,1158,763,659,1043,1466,1047,1139,984,454
"Iso_3_1423",113,92,56,160,100,131,46,78,90,137
"Iso_3_1424",27,6,26,14,24,4,13,17,10,29
"Iso_3_1425",118,182,142,153,115,145,152,196,179,133
"Iso_3_1426",33,10,18,9,28,34,9,10,25,17
"Iso_3_1427",60,48,57,51,72,57,33,52,56,52
"Iso_3_1428",44,59,55,70,49,64,52,54,92,61
"Iso_3_1429",18,24,16,7,21,27,51,11,10,7
"Iso_3_1430",130,191,249,238,118,218,244,266,205,124
"Iso_3_1431",5,5,2,5,3,2,3,5,5,6
"Iso_3_1432",8,14,13,14,35,16,9,3,9,12
"Iso_3_1433",95,58,68,92,140,73,106,93,70,95
"Iso_3_1434",16,18,8,22,22,16,9,16,20,6
"Iso_3_1435",58,54,146,78,124,45,153,95,37,51
"Iso_3_1436",326,393,185,273,246,209,176,315,197,354
"Iso_3_1437",665,763,581,704,551,905,464,564,335,296
"Iso_3_1438",10,5,93,26,16,5,27,3,20,4
"Iso_3_1439",48,64,31,30,41,37,51,47,39,57
"Iso_3_1440",21,59,65,23,59,24,148,13,55,41
"Iso_3_1441",31,12,35,55,19,25,14,9,8,9
"Iso_3_1442",112,78,125,183,77,135,71,122,139,125
"Iso_3_1443",401,642,523,359,600,372,436,418,337,431
"Iso_3_1444",113,82,102,131,128,59,58,82,79,122
"Iso_3_1445",231,604,163,234,207,251,325,241,197,362
"Iso_3_1446",79,84,57,168,33,162,71,184,78,127
"Iso_3_1447",30,20,36,42,63,38,48,26,46,43
"Iso_3_1448",1074,618,801,853,1354,910,700,803,1158,674
"Iso_3_1449",17,396,17,129,85,223,238,54,145,23
"Iso_3_1450",6,10,10,3,9,10,17,4,11,3
"Iso_3_1451",30,21,25,40,28,68,61,49,44,12
"Iso_3_1452",34,70,381,135,127,405,271,252,152,169
"Iso_3_1453",104,61,106,62,34,67,79,94,80,44
"Iso_3_1454",0,2,7,2,16,1,29,13,4,25
"Iso_3_1455",118,133,133,118,110,75,154,191,247,95
"Iso_3_1456",3388,3597,3149,4367,3322,3632,2558,4402,1957,2781
"Iso_3_1457",41,28,13,54,28,23,52,8,15,23
"Iso_3_1458",0,0,1,0,2,0,4,0,0,2
"Iso_3_1459",676,712,421,261,418,398,490,483,216,658
"Iso_3_1460",72,77,70,63,63,114,190,86,124,103
"Iso_3_1461",4,15,3,8,0,4,3,8,7,0
"Iso_3_1462",8,0,10,5,11,4,3,6,10,19
"Iso_3_1463",126,138,134,96,181,149,155,224,147,89
"Iso_3_1464",113,156,129,106,143,107,158,118,144,121
"Iso_3_1465",162,88,148,88,98,122,107,154,154,131
"Iso_3_1466",1091,2065,795,1022,403,1378,517,1191,821,791
"Iso_3_1467",212,180,130,193,174,186,195,225,133,212
"Iso_3_1468",11,1,2,0,1,2,56,6,28,4
"Iso_3_1469",9,78,106,49,128,41,522,440,135,48
"Iso_3_1470",3,3,0,3,5,0,0,7,2,2
"Iso_3_1471",20,22,33,42,29,17,22,19,21,45
"Iso_3_1472",1098,1180,836,1033,764,1106,788,977,876,760
"Iso_3_1473",271,280,396,179,275,292,378,327,331,441
"Iso_3_1474",207,113,153,321,148,228,172,149,167,356
"Iso_3_1475",245,223,256,237,200,189,179,376,245,215
"Iso_3_1476",308,675,621,640,796,344,221,141,587,272
"Iso_3_1477",2280,2117,1082,2811,1504,1298,1129,1484,1520,2470
"Iso_3_1478",227,438,197,292,325,522,459,235,321,343
"Iso_3_1479",1,0,0,0,1,1,0,1,0,1
"Iso_3_1480",226,472,437,576,403,565,256,323,488,194
"Iso_3_1481",29,32,78,42,46,59,67,26,57,33
"Iso_3_1482",632,487,669,610,393,494,527,440,550,428
"Iso_3_1483",14,3,5,8,8,1,8,8,3,6
"Iso_3_1484",383,450,334,327,527,370,468,385,445,425
"Iso_3_1485",2,1,0,0,2,2,0,0,1,0
"Iso_3_1486",77,43,29,42,62,29,39,27,28,55
"Iso_3_1487",70,38,51,37,84,68,41,31,49,50
"Iso_3_1488",8,9,13,8,16,17,7,5,6,15
"Iso_3_1489",53,64,125,119,93,55,85,86,74,117
"Iso_3_1490",307,281,218,253,259,187,216,229,301,213
"Iso_3_1491",123,145,170,130,143,168,206,202,145,149
"Iso_3_1492",263,417,648,331,265,410,301,569,376,297
"Iso_3_1493",21,22,12,19,38,24,19,20,13,16
"Iso_3_1494",256,408,168,391,343,244,259,220,242,166
"Iso_3_1495",49,61,57,53,63,47,45,81,34,54
"Iso_3_1496",36,30,20,15,14,21,28,24,19,24
"Iso_3_1497",405,395,812,878,400,685,778,507,579,238
"Iso_3_1498",11,4,16,23,7,24,10,11,35,24
"Iso_3_1499",92,68,82,54,75,180,119,104,61,301
"Iso_3_1500",559,305,414,374,193,293,741,346,433,362
"Iso_3_1501",807,918,652,697,628,718,658,505,656,1011
"Iso_3_1502",792,706,984,924,1054,882,1346,1069,744,983
"Iso_3_1503",279,345,375,154,429,186,300,333,210,599
"Iso_3_1504",55,106,280,309,148,364,165,195,392,61
"Iso_3_1505",12,10,10,10,13,5,10,10,7,16
"Iso_3_1506",60,116,127,57,79,129,112,81,133,71
"Iso_3_1507",296,241,123,137,181,308,355,208,473,185
"Iso_3_1508",85,20,66,21,18,49,59,32,71,143
"Iso_3_1509",206,35,220,262,61,54,87,80,163,139
"Iso_3_1510",19,8,4,12,4,6,3,2,12,7
"Iso_3_1511",58,45,44,61,41,54,70,39,80,84
"Iso_3_1512",310,314,474,237,239,199,651,315,225,160
"Iso_3_1513",414,406,378,280,358,322,288,417,403,364
"Iso_3_1514",297,281,323,233,139,470,315,480,145,160
"Iso_3_1515",597,625,564,437,351,573,463,588,388,564
"Iso_3_1516",3,19,16,12,17,16,3,5,10,2
"Iso_3_1517",184,687,526,358,774,827,751,88,417,267
"Iso_3_1518",39,33,66,56,53,50,35,40,41,47
"Iso_3_1519",10,8,3,16,5,5,10,18,6,14
"Iso_3_1520",307,191,295,146,109,139,161,145,75,269
"Iso_3_1521",25,42,14,41,25,28,22,32,49,35
"Iso_3_1522",326,143,141,149,186,120,130,59,85,146
"Iso_3_1523",235,291,337,171,371,332,342,130,323,135
"Iso_3_1524",16,39,4,8,14,14,7,5,20,11
"Iso_3_1525",38,32,64,68,9,97,30,56,53,38
"Iso_3_1526",5,3,3,10,4,3,5,3,9,6
"Iso_3_1527",344,402,446,245,395,311,302,376,452,338
"Iso_3_1528",2,4,10,6,2,8,0,1,6,9
"Iso_3_1529",79,61,68,61,36,53,78,32,66,24
"Iso_3_1530",221,229,168,168,290,160,237,158,226,364
"Iso_3_1531",348,311,374,587,450,453,477,497,378,508
"Iso_3_1532",169,358,282,457,531,294,81,307,228,146
"Iso_3_1533",40,55,25,36,48,47,34,62,27,59
"Iso_3_1534",2,0,1,1,0,1,1,0,1,1
"Iso_3_1535",91,145,159,63,65,65,124,141,60,98
"Iso_3_1536",19,27,31,19,24,50,7,35,41,17
"Iso_3_1537",8,3,23,16,1,7,25,2,4,7
"Iso_3_1538",22,12,1,15,3,9,10,9,7,44
"Iso_3_1539",9,23,34,30,4,6,82,21,38,26
"Iso_3_1540",10,4,14,25,4,15,8,7,3,21
"Iso_3_1541",246,231,343,262,432,428,292,208,312,277
"Iso_3_1542",31,38,26,41,52,40,39,35,20,25
"Iso_3_1543",82,96,133,114,127,101,103,98,79,100
"Iso_3_1544",148,130,147,161,122,179,119,137,129,113
"Iso_3_1545",9,7,3,5,5,3,2,5,6,9
"Iso_3_1546",3,21,4,0,15,8,13,15,4,8
"Iso_3_1547",258,168,440,520,337,315,293,497,375,298
"Iso_3_1548",18,21,31,27,21,24,17,12,20,44
"Iso_3_1549",239,137,168,187,79,125,152,168,216,193
"Iso_3_1550",163,122,205,179,139,202,138,146,112,132
"Iso_3_1551",314,367,417,550,320,383,492,411,481,395
"Iso_3_1552",16,22,15,8,11,28,50,40,55,20
"Iso_3_1553",444,243,344,148,184,143,113,274,316,419
"Iso_3_1554",127,189,165,150,131,130,117,141,127,108
"Iso_3_1555",428,362,369,535,328,431,437,329,432,378
"Iso_3_1556",24,1,5,4,4,16,2,9,35,10
"Iso_3_1557",19,52,40,62,42,74,41,124,41,50
"Iso_3_1558",115,202,294,138,63,61,303,115,124,94
"Iso_3_1559",369,21,152,158,183,81,182,99,169,103
"Iso_3_1560",367,71,404,28,58,406,302,56,41,59
"Iso_3_1561",17,76,41,51,64,169,93,16,46,8
"Iso_3_1562",6,8,5,2,13,7,3,2,8,5
"Iso_3_1563",724,773,272,132,354,324,458,155,540,779
"Iso_3_1564",0,0,1,1,0,0,1,0,1,0
"Iso_3_1565",348,435,310,343,281,378,286,240,346,291
"Iso_3_1566",36,7,42,20,26,41,29,16,32,35
"Iso_3_1567",174,176,83,71,59,90,68,271,105,167
"Iso_3_1568",368,484,511,634,451,349,640,498,785,595
"Iso_3_1569",316,173,81,56,184,226,93,160,156,65
"Iso_3_1570",72,4,38,32,32,19,88,240,207,40
"Iso_3_1571",15,12,1,23,7,31,9,2,20,25
"Iso_3_1572",4,20,2,29,10,12,11,33,17,8
"Iso_3_1573",239,149,71,209,355,95,57,68,48,134
"Iso_3_1574",141,142,162,148,203,148,242,187,234,113
"Iso_3_1575",86,97,154,97,160,77,140,182,140,96
"Iso_3_1576",71,52,51,56,24,47,58,62,56,63
"Iso_3_1577",213,178,286,373,264,218,195,219,210,257
"Iso_3_1578",253,107,211,232,192,254,206,229,153,286
"Iso_3_1579",386,507,363,286,284,272,264,250,233,446
"Iso_3_1580",24,36,41,48,34,92,72,41,40,57
"Iso_3_1581",0,0,1,1,1,2,2,0,0,2
"Iso_3_1582",1407,799,1523,2264,1842,1201,1070,1457,1745,1031
"Iso_3_1583",49,61,54,37,51,49,53,26,46,61
"Iso_3_1584",52,67,16,41,17,14,13,23,41,47
"Iso_3_1585",39,43,44,43,14,11,41,37,63,33
"Iso_3_1586",477,354,503,463,362,922,330,558,534,562
"Iso_3_1587",103,140,99,97,131,79,136,112,148,134
"Iso_3_1588",126,45,52,42,28,24,22,24,44,24
"Iso_3_1589",119,42,88,100,82,29,50,66,46,58
"Iso_3_1590",183,265,175,237,292,279,189,165,154,215
"Iso_3_1591",17,37,30,46,18,20,18,4,10,21
"Iso_3_1592",75,46,33,9,18,16,20,89,76,19
"Iso_3_1593",28,192,180,359,263,373,158,204,69,208
"Iso_3_1594",34,29,40,23,52,84,50,65,37,21
"Iso_3_1595",61,77,85,59,55,43,77,54,80,44
"Iso_3_1596",93,79,43,49,15,20,92,13,33,31
"Iso_3_1597",1211,888,1027,847,1372,899,1216,963,950,1123
"Iso_3_1598",357,105,190,69,33,43,203,229,97,158
"Iso_3_1599",23,38,18,15,6,20,20,9,22,26
"Iso_3_1600",137,85,81,111,54,77,66,162,60,58
